ORF,Amino Acids,Start Index in Genome,End Index in Genome,Hits
surface glycoprotein,"KVFRSSVLHSTQDLFLPFF,MFVFLVLLPLVSSQCVNLT,NLTTRTQLPPAYTNSFTRG,PLVSSQCVNLTTRTQLPPA,PPAYTNSFTRGVYYPDKVF,TRGVYYPDKVFRSSVLHST",21563,21739,124
surface glycoprotein,"FNDGVYFASTEKSNIIRGW,LFLPFFSNVTWFHAIHVSG,RFDNPVLPFNDGVYFASTE,STEKSNIIRGWIFGTTLDS,VSGTNGTKRFDNPVLPFND,VTWFHAIHVSGTNGTKRFD",21722,21898,140
surface glycoprotein,"CEFQFCNDPFLGVYYHKNN,GTTLDSKTQSLLIVNNATN,KNNKSWMESEFRVYSSANN,PFLGVYYHKNNKSWMESEF",21881,22057,32
surface glycoprotein,"FEYVSQPFLMDLEGKQGNF,FVFKNIDGYFKIYSKHTPI,GNFKNLREFVFKNIDGYFK,LMDLEGKQGNFKNLREFVF,YFKIYSKHTPINLVRDLPQ,YSSANNCTFEYVSQPFLMD",22040,22216,482
surface glycoprotein,"HRSYLTPGDSSSGWTAGAA,LPIGINITRFQTLLALHRS,RFQTLLALHRSYLTPGDSS,SALEPLVDLPIGINITRFQ,VRDLPQGFSALEPLVDLPI",22199,22351,102
surface glycoprotein,"FTVEKGIYQTSNFRVQPTE,NGTITDAVDCALDPLSETK,TFLLKYNENGTITDAVDCA,YVGYLQPRTFLLKYNENGT",22358,22534,6
surface glycoprotein,"NATRFASVYAWNRKRISNC,RVQPTESIVRFPNITNLCP,SNCVADYSVLYNSASFSTF,VRFPNITNLCPFGEVFNAT,YAWNRKRISNCVADYSVLY",22517,22693,117
surface glycoprotein,"ASFSTFKCYGVSPTKLNDL,GDEVRQIAPGQTGKIADYN,NDLCFTNVYADSFVIRGDE,PGQTGKIADYNYKLPDDFT,YADSFVIRGDEVRQIAPGQ,YGVSPTKLNDLCFTNVYAD",22676,22852,48
surface glycoprotein,"ERDISTEIYQAGSTPCNGV,LDSKVGGNYNYLYRLFRKS,LPDDFTGCVIAWNSNNLDS,VIAWNSNNLDSKVGGNYNY,YNYLYRLFRKSNLKPFERD",22835,23011,183
surface glycoprotein,"FNCYFPLQSYGFQPTNGVG,GVGYQPYRVVVLSFELLHA,LHAPATVCGPKKSTNLVKN,SYGFQPTNGVGYQPYRVVV,TPCNGVEGFNCYFPLQSYG,VVVLSFELLHAPATVCGPK",22994,23170,320
surface glycoprotein,"DTTDAVRDPQTLEILDITP,QQFGRDIADTTDAVRDPQT,SNKKFLPFQQFGRDIADTT,TGTGVLTESNKKFLPFQQF,TNLVKNKCVNFNFNGLTGT,VNFNFNGLTGTGVLTESNK",23153,23329,13
surface glycoprotein,"FGGVSVITPGTNTSNQVAV,IHADQLTPTWRVYSTGSNV,ILDITPCSFGGVSVITPGT,NCTEVPVAIHADQLTPTWR,VAVLYQDVNCTEVPVAIHA",23312,23488,7
surface glycoprotein,"AEHVNNSYECDIPIGAGIC,GICASYQTQTNSPRRARSV,QTNSPRRARSVASQSIIAY,STGSNVFQTRAGCLIGAEH,TRAGCLIGAEHVNNSYECD",23471,23647,29
surface glycoprotein,"AYSNNSIAIPTNFTISVTT,IPTNFTISVTTEILPVSMT,SLGAENSVAYSNNSIAIPT,VTTEILPVSMTKTSVDCTM",23654,23782,2
surface glycoprotein,"AQVKQIYKTPPIKDFGGFN,CGDSTECSNLLLQYGSFCT,DKNTQEVFAQVKQIYKTPP,FCTQLNRALTGIAVEQDKN,LTGIAVEQDKNTQEVFAQV,NLLLQYGSFCTQLNRALTG",23789,23965,435
surface glycoprotein,"DFGGFNFSQILPDPSKPSK,DLLFNKVTLADAGFIKQYG,LADAGFIKQYGDCLGDIAA,PSKRSFIEDLLFNKVTLAD,QILPDPSKPSKRSFIEDLL,QYGDCLGDIAARDLICAQK",23948,24124,325
surface glycoprotein,"GAGAALQIPFAMQMAYRFN,GLTVLPPLLTDEMIAQYTS,LICAQKFNGLTVLPPLLTD,LTDEMIAQYTSALLAGTIT,TITSGWTFGAGAALQIPFA,YTSALLAGTITSGWTFGAG",24107,24283,316
surface glycoprotein,"ASALGKLQDVVNQNAQALN,ENQKLIANQFNSAIGKIQD,GVTQNVLYENQKLIANQFN,IQDSLSSTASALGKLQDVV,MAYRFNGIGVTQNVLYENQ,QFNSAIGKIQDSLSSTASA",24266,24442,99
surface glycoprotein,"DILSRLDKVEAEVQIDRLI,GAISSVLNDILSRLDKVEA,NAQALNTLVKQLSSNFGAI,RLITGRLQSLQTYVTQQLI,VEAEVQIDRLITGRLQSLQ,VKQLSSNFGAISSVLNDIL",24425,24601,64
surface glycoprotein,"AEIRASANLAATKMSECVL,CVLGQSKRVDFCGKGYHLM,HLMSFPQSAPHGVVFLHVT,LAATKMSECVLGQSKRVDF,VDFCGKGYHLMSFPQSAPH,VTQQLIRAAEIRASANLAA",24584,24760,35
surface glycoprotein,"GKAHFPREGVFVSNGTHWF,GVFVSNGTHWFVTQRNFYE,HWFVTQRNFYEPQIITTDN,PAQEKNFTTAPAICHDGKA,TAPAICHDGKAHFPREGVF,VFLHVTYVPAQEKNFTTAP",24743,24919,41
surface glycoprotein,"DSFKEELDKYFKNHTSPDV,IGIVNNTVYDPLQPELDSF,IITTDNTFVSGNCDVVIGI,KYFKNHTSPDVDLGDISGI,YDPLQPELDSFKEELDKYF",24902,25078,11
surface glycoprotein,"DLQELGKYEQYIKWPWYIW,EQYIKWPWYIWLGFIAGLI,GDISGINASVVNIQKEIDR,IDRLNEVAKNLNESLIDLQ,KNLNESLIDLQELGKYEQY,SVVNIQKEIDRLNEVAKNL",25061,25237,48
surface glycoprotein,SCCKFDEDDSEPVLKGVKLHYT,25316,25381,1
ORF3a,"ATIPIQASLPFGWLIVGVA,MDLFMRIFTIGTVTLKQGE,PSDFVRATATIPIQASLPF,QGEIKDATPSDFVRATATI,TIGTVTLKQGEIKDATPSD",25393,25545,54
ORF3a,"AVFQSASKIITLKKRWQLA,HFVCNLLLLFVTVYSHLLL,IITLKKRWQLALSKGVHFV",25552,25680,109
ORF3a,"AGLEAPFLYLYALVYFLQS,IIMRLWLCWKCRSKNPLLY,LQSINFVRIIMRLWLCWKC,YLYALVYFLQSINFVRIIM,YSHLLLVAAGLEAPFLYLY",25663,25815,76
ORF3a,"KNPLLYDANYFLCWHTNCY,NCYDYCIPYNSVTSSIVIT,NYFLCWHTNCYDYCIPYNS,VITSGDGTTSPISEHDYQI",25798,25950,10
ORF3a,"EHDYQIGGYTEKWESGVKD,QLYSTQLSTDTGVEHVTFF,SYFTSDYYQLYSTQLSTDT,VKDCVVLHSYFTSDYYQLY,YTEKWESGVKDCVVLHSYF",25933,26085,113
ORF3a,"DGSSGVVNPVMEPIYDEPT,EHVQIHTIDGSSGVVNPVM,EHVTFFIYNKIVDEPEEHV,NKIVDEPEEHVQIHTIDGS,PVMEPIYDEPTTTTSVPL",26068,26217,32
envelope,"IVNVSLVKPSFYVYSRVKN,PSFYVYSRVKNLNSSRVPDLLV,RLCAYCCNIVNVSLVKPSF",26356,26469,36
membrane glycoprotein,"GFLFLTWICLLQFAYANRN,MADSNGTITVEELKKLLEQ,TVEELKKLLEQWNLVIGFL",26523,26651,13
membrane glycoprotein,"AYANRNRFLYIIKLIFLWL,LACFVLAAVYRINWITGGI,LYIIKLIFLWLLWPVTLAC",26634,26762,7
membrane glycoprotein,"AMACLVGLMWLSYFIASFR,MWLSYFIASFRLFARTRSM,SFRLFARTRSMWSFNPETN",26769,26873,35
membrane glycoprotein,"FNPETNILLNVPLHGTILT,ILTRPLLESELVIGAVILR,LNVPLHGTILTRPLLESEL,SELVIGAVILRGHLRIAGH",26856,26984,104
membrane glycoprotein,"GRCDIKDLPKEITVATSRT,LRIAGHHLGRCDIKDLPKE,PKEITVATSRTLSYYKLGA,SRTLSYYKLGASQRVAGDS",26967,27095,1408
membrane glycoprotein,"AAYSRYRIGNYKLNTDHSS,GNYKLNTDHSSSSDNIALLVQ,RVAGDSGFAAYSRYRIGNY",27078,27188,10
ORF6,"IIMRTFKVSIWNLDYIINL,MFHLVDFQVTIAEILLIIM,VTIAEILLIIMRTFKVSIW",27202,27306,1
ORF6,"DYIINLIIKNLSKSLTENK,ENKYSQLDEEQPMEID,KNLSKSLTENKYSQLDEEQ",27289,27384,8
ORF7a,"HYQECVRGTTVLLKEPCSSG,ITLATCELYHYQECVRGTTV,MKIILFLALITLATCELYHY,TVLLKEPCSSGTYEGNSPFH",27394,27534,12
ORF7a,"DGVKHVYQLRARSVSPKLFI,DNKFALTCFSTQFAFACPDG,GNSPFHPLADNKFALTCFST,STQFAFACPDGVKHVYQLRA",27517,27657,78
ORF7a,"FLIVAAIVFITLCFTLKRKTE,SPKLFIRQEEVQELYSPIFL",27640,27756,141
ORF7b,"LIIFWFSLELQDHNETCHA,MIELSLIDFYLCFLAFLLF",27756,27884,7
ORF8,"ECSLQSCTQHQPYVVDDPCP,HQPYVVDDPCPIHFYSKWYI,ITTVAAFHQECSLQSCTQHQ",27921,28034,36
ORF8,"ARKSAPLIELCVDEAGSKSP,LCVDEAGSKSPIQYIDIGNY,YSKWYIRVGARKSAPLIELC",28017,28130,98
ORF8,"CLPFTINCQEPKLGSLVVRC,RCSFYEDFLEYHDVRVVLDFI",28140,28256,1
nucleocapsid phosphoprotein,"FGGPSDSTGSNQNGERSGA,GSNQNGERSGARSKQRRPQ,MSDNGPQNQRNAPRITFGG,QRNAPRITFGGPSDSTGSN,SGARSKQRRPQGLPNNTAS",28274,28426,3
nucleocapsid phosphoprotein,"EDLKFPRGQGVPINTNSSP,PNNTASWFTALTQHGKEDL,QGVPINTNSSPDDQIGYYR,SSPDDQIGYYRRATRRIRG,TALTQHGKEDLKFPRGQGV",28409,28561,551
nucleocapsid phosphoprotein,"GKMKDLSPRWYFYYLGTGP,RWYFYYLGTGPEAGLPYGA,TGPEAGLPYGANKDGIIWV,TRRIRGGDGKMKDLSPRWY,YGANKDGIIWVATEGALNT",28544,28696,67
nucleocapsid phosphoprotein,"ANNAAIVLQLPQGTTLPKG,DHIGTRNPANNAAIVLQLP,EGALNTPKDHIGTRNPANN,PKGFYAEGSRGGSQASSRS,QLPQGTTLPKGFYAEGSRG",28679,28831,29
nucleocapsid phosphoprotein,"NGGDAALALLLLDRLNQLE,QASSRSSSRSRNSSRNSTP,RSRNSSRNSTPGSSRGTSP,STPGSSRGTSPARMAGNGG,TSPARMAGNGGDAALALLL",28814,28966,177
nucleocapsid phosphoprotein,"MSGKGQQQQGQTVTKKSAA,PRQKRTATKAYNVTQAFGR,QGQTVTKKSAAEASKKPRQ,RLNQLESKMSGKGQQQQGQ,SAAEASKKPRQKRTATKAY",28949,29101,252
nucleocapsid phosphoprotein,"GDQELIRQGTDYKHWPQIA,GTDYKHWPQIAQFAPSASA,PEQTQGNFGDQELIRQGTD,TQAFGRRGPEQTQGNFGDQ",29084,29212,48
nucleocapsid phosphoprotein,"DDKDPNFKDQVILLNKHID,DQVILLNKHIDAYKTFPPT,GMSRIGMEVTPSGTWLTYT,TYTGAIKLDDKDPNFKDQV,VTPSGTWLTYTGAIKLDDK",29219,29371,228
nucleocapsid phosphoprotein,"DETQALPQRQKKQQTVTLL,KKDKKKKADETQALPQRQK,KTFPPTEPKKDKKKKADET,QLQQSMSSADSTQA,RQKKQQTVTLLPAADLDDF,TLLPAADLDDFSKQLQQSM",29354,29530,81
ORF10,"FPFTIYSLLLCRMNSRNYI,LLCRMNSRNYIAQVDVVNFNLT,MGYINVFAFPFTIYSLLLC",29558,29671,4
